doenca_cardiaca,taxa_avc
0,0.041787339677285894
1,0.17028985507246377
