hipertensao,taxa_avc
0,0.03967909800520382
1,0.13253012048192772
