residencia,taxa_avc
Rural,0.045346062052505964
Urban,0.052003081664098616
