faixa_etaria,taxa_avc
0-18,0.002183406113537118
19-35,0.001017293997965412
36-50,0.01845018450184502
51-65,0.060240963855421686
65+,0.1616580310880829
