genero,taxa_avc
Female,0.047094188376753505
Male,0.05106382978723404
Other,0.0
