fumante,taxa_avc
desconhecido,0.03044041450777202
fumante,0.06690561529271206
não fumante,0.04756871035940803
